"lat","lon","year","ID","mean_temp","mean_diurnal_range","max_temp_warmest_month","min_temp_coldest_month","annual_range_temp","annual_mean_precip","highest_monthly_precip","annual_avg_vapor_pressure","highest_vapor_pressure_month","lowest_vapor_pressure_month"
40.4481,-122.2971,1991,1,17.4615452054795,14.7275945205479,46.37,-8.35,49.556,736.51,255.084,1010.04175342466,2422.09096774194,547.470322580645
38.5816,-121.4944,1991,2,16.8899808219178,14.8618136986301,44.13,-7.54,46.97,393.546,137.512,805.972805479452,1238.068,418.052333333333
39.7285,-121.8375,1992,3,17.0424575342466,14.8580219178082,44.41,-7.92,46.55,617.22,221.994,910.812953424658,1832.10419354839,470.419032258065
39.1457,-121.5914,1992,4,17.1628931506849,14.9019287671233,43.85,-8.47,46.836,527.132,191.796,874.313846575342,1451.46838709677,431.636
38.555556,-104.8425,2000,5,10.1304109589041,16.3356054794521,36.17,-25.5,55.604,458.18,136.216,652.086339726027,1555.79451612903,150.174285714286
47.0469735,-122.537655,2000,6,10.7514082191781,10.0110684931507,36.7,-13.11,40.52,1347.58,259.738,904.409238356164,1441.10580645161,490.901
39.1,-96.816667,2000,7,12.7146109589041,12.5988438356164,42.42,-25.33,60.992,908.36,191.006,1168.12464657534,2588.92032258065,212.07
46.07,-64.8,2001,8,6.63521917808219,9.95004383561644,32.84,-27.07,55.138,1046.744,170.972,830.849397260274,1614.06096774194,230.801290322581
47.4973357333333,-120.478453933333,2001,9,10.2318904109589,12.2943452054795,40.85,-17.75,51.162,438.484,103.214,582.938317808219,1087.4435483871,355.057096774194
47.0761896666667,-122.519689,2001,10,10.7018164383562,9.93859178082192,36.79,-13.27,39.116,1293.882,257.78,909.937720547945,1451.45129032258,485.163
39.1,-96.816667,2001,11,13.0318246575342,12.5989808219178,42.42,-22.44,60.944,924.164,189.936,1197.47582465753,2643.54967741935,270.614516129032
47.6562473333333,-122.298805883333,2001,12,11.4706438356164,8.82662465753425,35.86,-8.97,36.58,1087.27,220.422,987.264432876712,1573.66774193548,645.560714285714
47.58152685,-121.90308605,2001,13,11.113295890411,9.59432876712329,36.44,-9.73,38.246,1521.852,290.076,978.898668493151,1513.74709677419,624.36
46.5871603,-122.3632582,2001,14,10.1275835616438,10.4605917808219,37.63,-12.71,39.964,1776.334,357.526,878.521830136986,1437.93322580645,518.972333333333
47.281049,-122.366623,2001,15,11.0791178082192,9.10394520547945,36.41,-10.96,37.486,1219.498,246.276,960.946624657534,1527.07806451613,525.588
47.703539,-117.401219,2001,16,8.85284931506849,12.4663671232877,37.79,-19.4,52.15,468.216,85.326,603.398383561644,1154.59967741935,312.914193548387
46.910977,-122.908811,2001,17,10.9265643835616,10.2789808219178,36.92,-12.91,39.836,1560.722,329.21,910.792536986301,1428.53290322581,461.713
45.91035,-66.67996375,2002,18,6.21674246575342,10.6902630136986,34.83,-30.17,61.23,1134.76,161.136,798.707161643836,1552.53774193548,203.424193548387
45.9073044444444,-66.0841066666667,2002,19,6.91393698630137,10.6777698630137,35.53,-30.5,61.054,1059.508,163.822,833.421473972603,1603.09967741935,206.882258064516
47.114369,-122.564587,2002,20,10.7133369863014,9.84157808219178,36.92,-13.08,38.618,1199.274,259.324,887.16962739726,1336.69935483871,483.867666666667
39.1,-96.816667,2002,21,13.1866821917808,12.7827561643836,42.42,-22.44,60.614,884.722,194.522,1196.39151232877,2643.54967741935,270.614516129032
48.310778,-122.708492,2002,22,10.3977561643836,8.29040547945205,29.13,-8.79,32.73,610.936,94.52,897.931419178082,1293.8864516129,628.78
47.650267,-122.845716,2002,23,10.7616657534247,9.39415890410959,34.64,-8.48,35.782,1540.952,384.562,897.0288,1361.89387096774,511.981
46.283581,-124.054592,2002,24,10.3888109589041,7.63214246575342,32.34,-8.79,32.536,2279.582,501.392,990.919282191781,1450.14935483871,667.24
48.7763392,-122.645,2002,25,10.519904109589,8.35062465753425,30.65,-9.45,33.994,908.174,162.152,952.471052054795,1375.7835483871,627.62
38.81161715,-76.8709653454546,2003,26,13.2817260273973,11.3334465753425,37.04,-13.59,47.268,1297.214,222.102,1213.22740273973,2407.96,409.878387096774
38.9642862561644,-76.9708536575342,2003,27,13.6902356164384,11.3814684931507,38.28,-13.24,47.774,1179.508,199.23,1236.0466630137,2476.65161290323,418.701935483871
46.14875,-64.825,2003,28,6.38387123287671,10.2214520547945,33.36,-27.58,57.738,1144.89,183.266,821.004564383562,1668.52612903226,199.781290322581
45.218,-67.232,2003,29,6.39800273972603,11.7627342465753,34.16,-27.45,57.946,1150.098,173.096,767.851030136986,1562.32741935484,171.363225806452
45.2775,-66.0875,2003,30,6.54748493150685,9.48346301369863,31.56,-25.65,53.046,1158.24,174.77,822.105923287671,1563.47193548387,211.109677419355
46.9875,-65.4825,2003,31,5.60617260273973,11.1557205479452,35.2,-30.51,62.43,1132.294,161.75,773.204476712329,1643.66677419355,173.24935483871
47.73,-64.7,2003,32,5.40212328767123,8.40350136986301,33.26,-25.28,56.042,983.328,134.76,814.661479452055,1674.77225806452,204.473571428571
47.6,-65.65,2003,33,5.24652054794521,10.2851835616438,35.8,-29.88,60.89,998.19,143.704,771.949731506849,1619.44935483871,179.145483870968
45.955546,-119.606455,2003,34,11.9793315068493,13.2362520547945,41.02,-11.86,47.934,187.128,49.06,537.172378082192,795.000322580645,299.808064516129
42.2551722233333,-104.727305566667,2003,35,9.52729863013699,17.413698630137,40.33,-30.02,63.016,314.728,85.468,556.551495890411,1415.15967741935,134.563928571429
47.600997035,-122.63238016,2003,36,10.8106493150685,9.14003835616438,33.37,-3.98,34.846,1355.774,313.708,902.924673972603,1390.58096774194,544.272903225806
47.958805,-120.537333,2003,37,7.14171232876712,11.2692876712329,35.85,-15.43,47.248,806.404,211.252,520.828942465753,796.45,309.511290322581
38.555556,-104.8425,2003,38,10.5422273972603,16.5576931506849,37.44,-20.43,53.856,346.18,97.608,611.805117808219,1555.79451612903,118.269285714286
39.355,-94.921111,2003,39,13.0985616438356,11.7677315068493,40.53,-22.25,58.902,887.742,201.692,1221.1621260274,2698.55774193548,278.266129032258
37.76967,-92.13612,2003,40,13.3444109589041,12.551901369863,38.38,-20.99,57.186,1063.256,174.062,1200.88776986301,2437.6,312.74935483871
47.1302028888889,-122.573990666667,2003,41,10.7490465753425,9.70900821917808,33.09,-4.88,36.094,1186,245.166,881.501117808219,1337.14870967742,506.593225806452
39.1,-96.816667,2003,42,12.9910821917808,13.0488383561644,42.42,-22.44,60.918,807.86,175.532,1169.34535890411,2643.54967741935,270.614516129032
46.2455519,-119.1708164,2003,43,12.2804602739726,12.8906191780822,40.71,-11.14,47.136,174.616,41.634,551.724936986301,822.856774193548,293.251
46.5940266,-119.1522331,2003,44,11.7053287671233,13.0492438356164,40.62,-11.3,47.778,206.224,55.794,546.128860273973,789.895483870968,291.131290322581
48.0382093333333,-122.662101766667,2003,45,10.6677397260274,8.83489863013699,30.91,-4.06,32.678,700.582,142.05,845.242350684931,1335.56516129032,489.269
48.26074989,-122.371072233333,2003,46,10.7042,9.00511232876712,30.4,-4.86,33.61,887.87,134.946,924.90978630137,1410.53096774194,507.076774193548
48.2445291675,-122.656641675,2003,47,10.4975780821918,8.5394301369863,29.74,-4.28,32.336,584.448,91.478,871.280909589041,1310.18677419355,490.624193548387
47.8151145083333,-122.269364245833,2003,48,10.7709397260274,8.77096438356164,32.77,-4.06,34.15,937.46,171.602,916.519347945205,1481.59064516129,582.330322580645
47.5969399608696,-122.3386223,2003,49,11.5086821917808,8.76168219178082,33.7,-3.69,35.098,970.892,200.288,930.788821917808,1404.7835483871,592.390322580645
47.6872095714286,-122.059195285714,2003,50,10.6728356164384,8.97357260273973,33.16,-4.55,35.09,1337.826,243.712,956.22058630137,1512.44967741935,624.0125
47.2740706625,-122.3976492375,2003,51,11.3937835616438,9.19941369863014,33.13,-4.04,35.246,1023.918,214.64,922.03738630137,1383.30838709677,550.416774193548
47.798977,-122.502727,2003,52,10.9584849315068,8.9974301369863,32.71,-4.03,34.008,1048.628,221.478,912.403479452055,1448.68419354839,580.987741935484
47.031141,-120.592101,2003,53,9.26750684931507,12.7602082191781,37.52,-13.91,48.37,257.652,74.848,474.709063013699,632.332666666667,264.996451612903
47.3347,-118.6862,2003,54,9.86881369863014,13.4743945205479,40.26,-17.5,51.75,226.768,61.502,481.970049315068,681.431333333333,248.528064516129
48.410984,-119.5275536,2003,55,10.4286739726027,13.5004712328767,41.36,-15.47,53.142,242.25,72.406,497.333260273973,703.337666666667,259.516774193548
47.0236704333333,-122.431706066667,2003,56,10.3741095890411,10.1488547945205,33.3,-5.2,36.4,1192.348,239.55,862.580843835616,1305.98838709677,482.296129032258
47.1302541666667,-122.122753233333,2003,57,10.3407287671233,10.0915178082192,34.67,-5.07,36.374,1079.722,201.498,880.397167123288,1369.68,512.73935483871
48.522813,-123.023102,2003,58,10.4577671232877,7.99408767123288,30.19,-3.94,30.922,597.902,124.444,835.002969863014,1070.04483870968,471.712903225806
45.63580556,-121.9885278,2003,59,11.7153369863014,11.0011726027397,39.02,-4.21,40.36,1771.364,388.09,935.205435616438,1444.24677419355,634.405
48.0184434628571,-122.11638602381,2003,60,10.6303150684932,9.32990136986301,32.41,-4.77,34.65,1183.514,202.3,926.594202739726,1457.04870967742,603.773870967742
48.08125,-122.9583167,2003,61,9.91570136986301,8.59246575342466,30.16,-4.63,32.368,635.24,124.262,769.489780821918,1194.06129032258,420.204333333333
48.0373248,-121.6513517,2003,62,7.31263287671233,9.02163835616438,31.47,-8.96,37.244,3026.874,552.532,776.157139726027,1244.11483870968,494.786071428571
47.635816,-117.41623,2003,63,8.63812876712329,12.3965424657534,38.58,-17.78,51.962,424.594,86.72,575.679709589041,943.565666666667,390.9725
38.716667,-90.649167,2003,64,13.1365917808219,11.9541917808219,39.02,-23.83,57.296,1092.158,184.072,1216.70405479452,2562.42580645161,302.348709677419
46.06148333,-122.6628833,2003,65,9.68126849315069,10.1945479452055,36.41,-5.68,38.624,2084.034,422.294,855.69381369863,1364.78870967742,556.078928571429
46.0510500025,-118.6991375,2003,66,12.5448109589041,13.272,42.65,-12.3,48.972,272.702,54.962,630.760405479452,885.015161290323,324.533870967742
48.80302116,-122.47720836,2003,67,10.2981671232877,8.70015890410959,30.19,-6.93,34.032,1024.442,183.488,936.907654794521,1392.61161290323,608.339285714286
48.9793973333333,-122.2394,2003,68,10.5504410958904,9.20866301369863,32.92,-7.03,36.544,1305.816,222.484,965.857720547945,1511.16774193548,618.312857142857
48.96815,-122.7289,2003,69,10.4956191780822,7.99358356164384,31.52,-6.77,33.662,1016.51,195.378,967.035068493151,1527.43516129032,619.744642857143
46.542722,-117.081663,2003,70,9.19814520547945,11.6884767123288,38.17,-13.55,48.85,493.376,81.412,662.478515068493,998.870322580645,434.318709677419
46.930691,-117.686378,2003,71,9.98403835616438,13.4040657534247,40.54,-16.06,51.658,362.986,72.456,565.952460273973,812.368387096774,298.667419354839
39.1246494,-75.4687724,2003,72,13.3895726027397,10.9982356164384,37,-13.48,47.56,1328.484,224.472,1238.20517260274,2377.71096774194,434.81935483871
39.3866507,-76.2117887,2003,73,13.5355397260274,11.1724493150685,38.24,-14.26,48.824,1234.804,222.968,1242.79130410959,2474.75193548387,430.801612903226
38.988877,-76.491998,2003,74,13.8673753424658,11.195101369863,38.13,-12.26,47.112,1280.73,240.838,1267.21227945205,2543.46806451613,433.02
35.3647777,-86.0798506,2003,75,14.5710739726027,12.4190904109589,36.23,-17.87,47.922,1590.772,270.836,1267.54471232877,2390.73225806452,430.596774193548
37.2558411894737,-77.340433931579,2003,76,15.026298630137,12.7840164383562,38.25,-18.34,48.968,1291.448,240.044,1293.12952876712,2481.51,459.832580645161
45.43,-73.94,2004,77,6.54726575342466,9.68657534246575,35.33,-31.9,60.114,1025.354,142.308,888.506547945206,1908.15677419355,160.181935483871
47.57613075,-122.6391338575,2004,78,11.3747123287671,9.34688219178082,35.25,-7.19,37.248,1203.85,268.234,926.35381369863,1512.59967741935,553.154838709677
41.283068,-112.008334,2004,79,11.1712328767123,13.3447123287671,40.77,-19.08,54.132,536.278,132.456,701.684493150685,1398.56096774194,311.771612903226
40.436009,-111.927404,2004,80,11.4181452054795,14.1781643835616,40.76,-16.49,53.194,411.012,94.328,635.173643835616,1422.05322580645,322.333571428571
47.99265,-122.218275,2004,81,11.1924273972603,9.31661369863014,34.26,-8.49,36.55,868.26,143.368,934.172169863014,1543.0135483871,553.454838709677
38.555556,-104.8425,2004,82,10.3915287671233,16.4396493150685,37.44,-21.6,55.596,346.562,86.838,609.963178082192,1479.56516129032,118.269285714286
40.765294,-111.83305,2004,83,10.9488712328767,12.4224219178082,39.36,-18.19,51.67,552.406,120.084,750.976745205479,1382.58870967742,335.503225806452
47.752998,-122.473415333333,2004,84,11.2024109589041,9.02049315068493,34.45,-7.66,36.474,963.528,193.834,923.362219178082,1461.56,575.84935483871
39.355,-94.921111,2004,85,12.941901369863,11.6663342465753,40.53,-22.25,58.216,926.456,203.376,1214.7996,2667.68774193548,278.266129032258
47.114369,-122.564587,2004,86,10.8714904109589,9.65948493150685,35.93,-8.62,38.536,1084.11,221.894,892.749238356164,1336.69935483871,502.025161290323
39.1,-96.816667,2004,87,12.8528767123288,12.9932931506849,42.42,-22.44,61.192,802.39,164.198,1165.85566575342,2643.54967741935,270.614516129032
48.059219,-122.730369,2004,88,10.638104109589,8.80855890410959,32.87,-8.77,35.1,630.216,121.064,834.684284931507,1298.78096774194,477.581666666667
41.7354889,-111.8343849,2004,89,8.98311506849315,14.4108438356164,39.65,-28.15,59.108,386.222,76.498,543.04322739726,1025.36096774194,215.6775
36.333056,-119.951944,2004,90,18.0885232876712,15.1347452054795,42.78,-2.39,43.562,192.192,57.214,728.065046575342,1081.26419354839,373.939666666667
47.7196371333333,-122.722065916667,2004,91,10.7627643835616,9.25313424657534,34.26,-8.45,36.712,1151.868,257.358,883.433435616438,1423.77612903226,533.408709677419
40.533333,-112.333333,2004,92,11.4993671232877,13.2199068493151,40.5,-17.38,52.82,409.122,82.15,684.848980821918,1160.0664516129,272.892142857143
46.761111,-120.191389,2004,93,9.10752602739726,12.1424493150685,37.62,-23.59,49.59,283.068,75.054,505.927989041096,886.208064516129,259.436333333333
38.8942322911392,-77.0583351898734,2004,94,13.6698712328767,11.1697917808219,37.16,-13.77,46.864,1168.848,179.042,1265.82246575342,2483.61193548387,418.228709677419
39.3866507,-76.2117887,2004,95,13.4423863013699,10.8655178082192,38.24,-14.83,48.526,1194.908,173.35,1258.08909041096,2474.75193548387,416.039677419355
39.4393567,-77.434532,2004,96,12.4731643835616,11.7854630136986,36.55,-17.62,49.774,1147.628,183.484,1142.60909589041,2177.96419354839,372.511612903226
44.6130711,-84.8693258,2004,97,6.33258630136986,11.504295890411,34.71,-29.75,58.128,876.534,138.824,775.406323287671,1679.71258064516,201.589285714286
40.6090685,-74.0288129,2004,98,12.4632465753425,9.12587945205479,38.7,-16.62,48.196,1231.028,214.434,1244.76614794521,2484.28516129032,377.296774193548
42.7198666,-73.7081546,2004,99,9.43193150684932,11.3812109589041,36.47,-24.37,55.372,1116.916,172.088,971.341457534247,2016.38935483871,239.341612903226
38.7121998,-77.1602733,2004,100,13.6011671232877,11.1228054794521,36.67,-13.21,46.4,1153.16,172.056,1260.84217534247,2470.22935483871,416.517741935484
44.0336467,-90.6764946,2004,101,7.73569863013699,11.6544657534247,36.62,-31.03,61.968,883.764,200.48,882.833024657534,2033.67935483871,172.638709677419
47.600488304,-122.543255568,2005,102,11.5347068493151,9.12665205479452,35.04,-7.2,37.064,1134.996,252.406,949.318810958904,1448.99032258065,562.073548387097
41.283068,-112.008334,2005,103,11.0619123287671,13.2090739726027,40.77,-19.08,54.948,599.016,140.148,732.291698630137,1788.79032258065,311.771612903226
47.5976352072289,-122.652295451807,2005,104,11.4136136986301,9.35737534246575,35.11,-7.39,37.082,1291.486,290.366,946.589380821918,1531.44677419355,548.679677419355
40.436038,-111.925707,2005,105,11.7839452054795,14.0438575342466,41.23,-15.96,54.212,430.628,101.694,679.998717808219,1837.06838709677,324.276428571429
38.555556,-104.8425,2005,106,10.3812273972603,16.416898630137,37.93,-22.33,57.32,339.296,81,601.330509589041,1479.56516129032,118.269285714286
37.7401,-92.126275,2005,107,13.326997260274,12.3212164383562,39.17,-20.96,54.866,1194.648,191.658,1207.91648767123,2435.36774193548,358.444838709677
47.114369,-122.564587,2005,108,11.0338602739726,9.5997095890411,35.93,-8.62,38.732,1118.416,230.854,910.119649315069,1367.82225806452,502.025161290323
39.1,-96.816667,2005,109,12.8326109589041,12.8884219178082,40.92,-22.44,60.132,861.022,185.622,1162.81986849315,2643.54967741935,295.253928571429
48.067814,-122.735031,2005,110,10.8300520547945,8.84766575342466,32.89,-8.7,35.048,641.514,124.398,861.267589041096,1292.25838709677,483.893666666667
47.798977,-122.502727,2005,111,11.3181780821918,9.04331506849315,34.32,-7.67,36.19,970.452,202.914,942.146909589041,1433.79483870968,580.987741935484
40.755789,-112.017438,2005,112,12.3846383561644,12.0354684931507,41.62,-16.02,53.306,428.668,94.684,825.146465753425,2101.96193548387,341.35
46.761111,-120.191389,2005,113,9.21562739726027,12.1466191780822,37.62,-23.59,49.956,288.684,77.318,510.57557260274,886.208064516129,259.436333333333
38.8614852843243,-77.0140155686486,2005,114,13.8468849315068,10.9822520547945,37.22,-13.64,47.03,1178.018,193.112,1293.73712876712,2554.27290322581,427.518064516129
38.988877,-76.491998,2005,115,13.959695890411,10.7535178082192,37.79,-13.86,46.916,1257.842,197.592,1311.91687671233,2545.44677419355,433.706451612903
40.3447713444444,-74.0429895222222,2005,116,12.2488301369863,9.82813698630137,38.17,-16.87,48.634,1272.566,239.56,1206.65494794521,2466.79322580645,371.196129032258
40.2075888,-77.1691372,2005,117,11.5888794520548,10.9340438356164,37.2,-17.76,50.208,1138.518,184.488,1109.71981917808,2187.40677419355,351.911935483871
37.0865639,-76.3625695,2005,118,15.5288164383562,10.0213369863014,38.02,-10.62,44.632,1235.578,197.48,1463.10103013699,2785.80483870968,542.611612903226
47.5996320625,-122.637568229167,2006,119,11.258101369863,9.20658082191781,34.7,-8.07,38.402,1339.464,317.434,915.399150684931,1503.78516129032,544.272903225806
40.436038,-111.925707,2006,120,11.6876684931507,13.7856383561644,41.23,-15.96,54.26,471.802,100.88,717.847024657534,1837.06838709677,324.276428571429
38.555556,-104.8425,2006,121,10.4003917808219,16.284202739726,37.93,-22.33,57.344,364.424,99.99,597.354098630137,1559.05419354839,118.269285714286
42.209167,-104.535861,2006,122,9.2682904109589,17.4522630136986,40.89,-35.6,69.478,312.926,81.886,521.079578082192,1407.23032258065,132.116071428571
47.114369,-122.564587,2006,123,11.1893287671233,9.69687123287671,36.27,-8.62,40.096,1158.556,266.378,895.710032876712,1367.82225806452,502.025161290323
39.1,-96.816667,2006,124,12.9864849315068,13.0848821917808,40.92,-21.19,58.904,825.656,191.644,1154.87811506849,2458.52161290323,295.253928571429
40.755789,-112.017438,2006,125,12.2722630136986,12.1102794520548,41.62,-16.02,53.264,439.796,93.382,827.397950684932,2101.96193548387,341.35
46.761111,-120.191389,2006,126,9.20421643835616,12.1514794520548,38.49,-23.59,51.636,316.194,82.754,529.000871232877,886.208064516129,259.436333333333
38.9021995037037,-77.0476623333333,2006,127,13.7989616438356,10.898701369863,37.04,-13.94,47.71,1271.502,239.906,1286.41304109589,2529.59,420.79935483871
46.822644,-119.174258,2007,128,11.3811205479452,13.1298904109589,41.52,-25.44,55.594,219.724,49.584,533.112498630137,754.116774193548,299.686
46.3420116666667,-117.052051666667,2007,129,12.8418904109589,13.0666301369863,43.55,-21.26,57.264,263.516,62.746,699.655632876712,1337.03,367.678333333333
47.6226082443038,-122.644111697468,2007,130,11.2582465753425,9.22350684931507,35.24,-8.02,39.874,1323.21,316.776,928.534246575342,1504.62709677419,528.672666666667
47.460182,-120.327091,2007,131,11.5959315068493,12.3105589041096,42.42,-21.05,54.926,300.926,79.53,595.952838356164,926.854,359.374333333333
47.5973238,-120.67004136,2007,132,9.70286575342466,12.8037917808219,39.73,-21.87,54.116,726.46,211.634,626.911123287671,1104.0335483871,370.055161290323
47.651768,-120.076779,2007,133,8.80794520547945,10.9961424657534,38.43,-22.48,53.924,405.322,106.886,549.042580821918,1057.6864516129,350.686451612903
38.555556,-104.8425,2007,134,10.3653452054795,16.0892,37.93,-22.33,57.568,432.186,113.206,671.947134246575,1625.21064516129,149.2225
39.355,-94.921111,2007,135,13.0861150684932,11.6588821917808,40.53,-21.15,57.548,984.402,215.334,1227.41469589041,2664.22548387097,347.350967741936
47.116684627027,-122.572299835135,2007,136,11.222101369863,9.42400547945205,36.31,-8.52,41.088,1208.016,275.106,913.950252054795,1367.71322580645,503.422
39.1,-96.816667,2007,137,13.0168301369863,12.8794246575342,40.92,-21.19,58.944,917.164,230.876,1179.75362191781,2676.72322580645,334.963571428571
46.96859935,-123.8230093125,2007,138,10.7482109589041,9.06763287671233,34.39,-7.03,39.214,2118.972,440.49,946.514328767123,1499.53290322581,525.298387096774
46.96861918,-123.32063666,2007,139,10.8466246575342,10.0046465753425,36.29,-8.68,40.848,1798.524,400.634,900.045978082192,1389.05419354839,470.696451612903
48.053489,-122.727261,2007,140,10.8081945205479,8.73508493150685,32.81,-8.89,37.69,723.618,161.332,865.975057534247,1297.29387096774,476.317333333333
47.2441073666667,-122.015833566667,2007,141,10.5750136986301,9.73884931506849,35.66,-10.19,41.942,1535.836,291.864,930.418690410959,1474.69483870968,588.484516129032
47.6787207522727,-122.336279854545,2007,142,11.5099150684932,8.73601643835616,34.6,-7.96,39.832,1015.232,230.496,954.188767123288,1418.68612903226,586.124516129032
47.5402646012987,-122.307984707792,2007,143,11.8150191780822,8.66713424657534,35.42,-7.57,40.236,1025.724,236.766,971.917594520548,1450.31677419355,594.859677419355
47.73147429,-122.01208055,2007,144,11.5644794520548,9.50980273972603,35.7,-8.4,40.938,1286.628,250.732,992.989090410959,1585.97516129032,615.999032258065
47.2474273666667,-122.298783966667,2007,145,11.4101123287671,9.04671232876712,35.42,-8.12,40.214,1172.654,252.098,956.414904109589,1437.03580645161,540.169677419355
47.005003,-120.545976,2007,146,10.0320712328767,12.9835726027397,40.11,-24.69,54.596,283.104,79.106,507.970794520548,702.829666666667,306.419
45.709749,-121.465593,2007,147,12.0110219178082,12.7940438356164,41.36,-15.13,50.828,692.254,207.928,709.695304109589,1176.65166666667,341.795483870968
46.67968425,-122.9660725,2007,148,11.2593863013699,10.7349589041096,37.7,-9.59,42.974,1416.042,323.142,890.334597260274,1342.67258064516,468.521290322581
47.203095,-123.097582,2007,149,10.9131780821918,9.92562191780822,36.46,-9.47,41.786,1838.242,439.854,893.223895890411,1350.40935483871,488.434193548387
46.3523235,-124.0262703,2007,150,10.6644109589041,7.98621369863014,33.89,-6.54,37.132,2309.058,480.834,989.258334246575,1543.70806451613,585.071935483871
46.9157784,-122.37545515,2007,151,10.8198410958904,10.2767232876712,37.02,-9.99,42.932,1327.022,296.102,883.313364383562,1379.38129032258,475.747741935484
47.391755,-122.650325,2007,152,11.2456684931507,8.92294246575342,35.06,-7.59,39.95,1376.04,334.336,926.006268493151,1408.19483870968,528.225666666667
47.9636966902174,-122.161706221739,2007,153,11.470295890411,9.43597808219178,34.67,-8.69,40.128,982.302,184.754,961.695112328767,1561.42387096774,590.559032258064
46.23400798,-123.40119568,2007,154,11.1118684931507,10.3712328767123,35.09,-8.19,40.438,1994.174,425.97,933.735890410959,1498.49677419355,518.008709677419
46.043678,-118.609176,2007,155,12.696997260274,13.212098630137,42.66,-24.57,55.776,327.194,64.288,701.918345205479,1308.76633333333,422.196451612903
48.865124,-122.444615,2007,156,10.898504109589,8.95984657534247,34.15,-11.52,41.642,1144.566,234.202,965.097490410959,1435.13225806452,613.20064516129
47.137594,-117.356474,2007,157,9.24700821917808,12.5036164383562,38.58,-27.02,56.846,523.09,106.834,640.836553424657,1029.43161290323,347.175
46.5649459,-120.4582261,2007,158,11.1150219178082,14.3250465753425,42.47,-24.2,55.764,200.264,48.008,489.415375342466,712.327419354839,266.021333333333
46.761111,-120.191389,2007,159,9.17171506849315,12.0964712328767,38.49,-23.59,51.954,316.756,73.702,529.026997260274,886.208064516129,326.502666666667
38.9284214814815,-77.0609320864198,2007,160,13.2080328767123,10.8294356164384,37.45,-14.86,48.212,1321.822,244.9,1242.39108493151,2429.79419354839,390.528571428571
36.85375,-76.4756875,2008,161,15.8037561643836,11.2419342465753,38.4,-11.29,47.12,1223.532,206.084,1422.28460821918,2686.41225806452,528.193928571429
36.7264782608696,-76.5951304347826,2008,162,15.5124273972603,12.2362739726027,38.63,-12.06,48.176,1284.148,218.368,1353.78820273973,2572.3864516129,500.396071428571
39.8656375,-86.0881625,2008,163,11.5551753424658,10.8938575342466,35.46,-23.86,53.606,1223.48,201.634,1128.7015890411,2229.73290322581,266.446071428571
39.695675,-86.1066125,2008,164,11.6430876712329,10.8856273972603,35.34,-24.39,53.296,1233.748,204.294,1136.55167671233,2216.86838709677,268.970714285714
39.80625,-86.3199,2008,165,11.4935726027397,10.952701369863,34.89,-25.22,53.786,1260.306,208.496,1123.34502465753,2226.0564516129,267.144285714286
38.555556,-104.8425,2008,166,10.1707369863014,16.1297369863014,37.93,-22.33,57.772,420.898,118.68,640.28695890411,1625.21064516129,202.656129032258
39.355,-94.921111,2008,167,12.786002739726,11.5604876712329,39.83,-20.5,56.572,1078.778,231.424,1221.05368767123,2664.22548387097,341.623571428571
47.114369,-122.564587,2008,168,10.9677917808219,9.33445479452055,36.27,-9.62,41.916,1148.132,263.046,923.923473972603,1367.82225806452,509.834666666667
39.1,-96.816667,2008,169,12.8349123287671,12.8072931506849,40.03,-21.19,58.586,979.85,250.602,1176.54398356164,2676.72322580645,334.963571428571
47.6311423619048,-122.642821652381,2008,170,10.9250328767123,9.0975397260274,35.22,-8.97,40.574,1220.49,294.498,941.139512328767,1500.95322580645,584.787
46.761111,-120.191389,2008,171,8.89133424657534,12.1318520547945,38.49,-23.59,53.026,310.006,67.74,513.675139726027,886.208064516129,246.567666666667
38.9146471596639,-77.0490049831933,2008,172,13.8893616438356,10.9675342465753,38.15,-14.09,48.004,1164.548,237.246,1285.64157808219,2513.24580645161,405.051785714286
46.342765,-117.053011,2008,173,12.5854821917808,13.0404109589041,43.55,-21.26,58.642,236.024,58.506,663.134471232877,1337.03,314.704666666667
47.048856,-119.55604,2008,174,10.8201095890411,13.0009095890411,41.63,-24.75,57.21,207.318,44.068,516.992904109589,821.105806451613,254.85
40.2834,-74.70169,2008,175,12.3180657534247,11.3534246575342,36.63,-17.74,49.948,1244.822,236.792,1149.79960547945,2286.57290322581,364.653214285714
36.8073125,-76.5194375,2009,176,15.6846712328767,11.7348328767123,38.46,-11.86,47.766,1284.322,212.948,1384.96368219178,2640.76516129032,517.035
36.6414,-76.6322,2009,177,15.4086876712329,12.7121698630137,38.71,-12.82,48.738,1332.86,218.348,1319.87273972603,2526.88193548387,486.543928571429
39.8656375,-86.0881625,2009,178,11.4239671232877,10.8850082191781,35.46,-25.08,54.06,1259.94,213.902,1119.47777534247,2229.73290322581,266.446071428571
39.695675,-86.1066125,2009,179,11.5200082191781,10.8733753424658,35.34,-24.64,53.582,1254.82,204.146,1127.99070136986,2216.86838709677,268.970714285714
39.79715,-86.29955,2009,180,11.4565534246575,10.8589589041096,35.01,-25.28,53.988,1294.686,210.732,1123.20735342466,2230.60903225806,268.840357142857
38.555556,-104.8425,2009,181,10.1180136986301,16.1628657534247,37.93,-23.95,58.082,427.694,113.886,634.75557260274,1625.21064516129,177.512258064516
47.114369,-122.564587,2009,182,10.7689671232877,9.39884383561644,37.65,-10.93,42.722,1178.868,268.668,913.230778082192,1367.82225806452,509.834666666667
39.1,-96.816667,2009,183,12.637295890411,12.9081917808219,40.03,-22.1,58.738,993.91,250.418,1156.64628493151,2676.72322580645,323.111290322581
47.66090875,-122.636667166667,2009,184,10.7565835616438,9.19652054794521,37.86,-8.95,41.362,1192.598,313.122,910.596728767123,1415.60516129032,542.542
46.761111,-120.191389,2009,185,8.68036164383562,12.1213369863014,38.49,-17.94,52.1,300.652,66.79,495.031693150685,859.504838709677,246.567666666667
32.306359,-81.5623916666667,2009,186,19.0127643835616,12.5909753424658,38.61,-6.73,43.628,1221.214,220.258,1606.37955616438,2820.98677419355,754.208387096774
38.8992397931298,-77.043318621374,2009,187,13.8925808219178,10.8964383561644,38.17,-15.13,48.614,1222.7,240.498,1284.42551232877,2521,406.536428571429
40.2834,-74.70169,2009,188,12.2607780821918,11.3457315068493,36.63,-17.74,49.946,1277.564,243.114,1142.22557808219,2286.57290322581,364.653214285714
46.8783333333333,-96.8344444444444,2010,189,5.78563561643836,11.2788657534247,37.52,-35.25,67.324,644.954,140.372,797.858339726027,1905.37483870968,115.376774193548
47.0775,-97.2525,2010,190,5.32969589041096,11.5799068493151,37.41,-36.04,67.638,667.836,139.14,759.900082191781,1857.55935483871,115.072580645161
36.8101923076923,-76.5176153846154,2010,191,15.7304931506849,11.8471452054795,39.44,-11.86,47.724,1287.126,244.146,1388.49401643836,2586.19225806452,471.782580645161
36.646,-76.7245,2010,192,15.3594547945205,13.0231397260274,38.91,-13.63,49.054,1329.232,245.746,1309.46395068493,2490.44096774194,442.487096774194
39.695675,-86.1066125,2010,193,11.4986684931507,11.0241095890411,35.34,-24.64,53.76,1211.538,208.024,1127.37316712329,2294.52064516129,268.970714285714
39.8656375,-86.0881625,2010,194,11.4115232876712,11.0209863013699,35.46,-25.08,54.118,1242.44,223.374,1121.79243835616,2276.82,266.446071428571
39.79715,-86.29955,2010,195,11.4236684931507,10.9675561643836,35.01,-25.28,54.01,1266.75,216.884,1124.97950684932,2270.27580645161,268.840357142857
38.9263411763636,-77.0429177309091,2010,196,13.8584301369863,10.8333753424658,38.09,-15.38,48.766,1215.812,225.832,1283.58140821918,2501.47064516129,401.5075
47.068719,-122.56691,2010,197,10.6453287671233,9.49350684931507,37.66,-11.28,44.652,1242.3,269.342,905.424953424657,1326.2235483871,512.779
48.053489,-122.727261,2010,198,10.2257232876712,8.61803287671233,33.17,-9.94,39.712,733.386,164.3,857.058487671233,1227.63612903226,491.890666666667
46.761111,-120.191389,2010,199,8.65473424657534,11.8549369863014,38.49,-19.97,52.912,322.736,69.106,519.649939726027,1066.46,246.567666666667
47.656216375,-122.64105025,2010,200,10.8170767123288,9.16221917808219,38.13,-8.84,42.864,1234.002,320.242,911.828805479452,1354.58033333333,546.594666666667
39.355,-94.921111,2010,201,12.4825150684932,11.5502794520548,39.83,-20.2,57.16,1092.712,219.074,1210.06963287671,2664.22548387097,316.177857142857
46.0945,-94.3482,2010,202,6.03129863013699,11.8715726027397,37.4,-37.02,66.312,715.252,138.916,786.600717808219,1867.10096774194,102.338709677419
39.1,-96.816667,2010,203,12.5884630136986,12.887304109589,40.82,-22.94,59.654,984.57,244.386,1156.25371506849,2676.72322580645,294.840357142857
40.2834,-74.70169,2010,204,12.4010876712329,11.3625808219178,39.67,-16.71,49.458,1242.118,226.59,1146.95545753425,2323.65516129032,364.653214285714
47.062,-97.246,2011,205,5.07730136986301,11.4552931506849,34.32,-36.05,67.142,677.166,144.592,778.264350684932,1919.42387096774,115.403548387097
46.8813333333333,-96.8286666666667,2011,206,5.52810684931507,11.1848164383562,34.31,-35.25,66.826,676.064,151.73,815.834673972603,1996.65580645161,115.376774193548
36.8544666666667,-76.4710666666667,2011,207,15.9312547945205,11.3860383561644,39.6,-11.39,47.704,1258.106,250.246,1436.4609369863,2622.09322580645,481.726451612903
36.7325555555556,-76.61,2011,208,15.6286410958904,12.4175232876712,38.94,-12.63,48.932,1305.95,254.24,1364.32614794521,2536.74774193548,456.259032258065
39.8656375,-86.0881625,2011,209,11.402904109589,11.0002520547945,36.94,-25.08,55.456,1276.24,240.102,1129.22073972603,2474.04870967742,266.446071428571
39.695675,-86.1066125,2011,210,11.504904109589,10.9843945205479,36.47,-24.64,55.172,1225.962,228.778,1136.57884383562,2490.83903225806,268.970714285714
39.79715,-86.29955,2011,211,11.3931397260274,10.9290520547945,36.37,-25.28,55.306,1243.906,228.7,1131.18503561644,2456.22580645161,268.840357142857
47.068719,-122.56691,2011,212,10.3976904109589,9.23957808219178,37.66,-11.28,43.682,1194.03,220.186,912.336860273973,1326.2235483871,561.821612903226
47.6271084754098,-122.63264557377,2011,213,10.4804465753425,8.89587397260274,38.08,-9.09,41.762,1175.248,285.374,916.763030136986,1363.60129032258,592.394193548387
46.761111,-120.191389,2011,214,8.47664657534247,11.7534465753425,36.47,-19.97,51.772,323.208,74.552,532.648580821918,1066.46,246.567666666667
39.1,-96.816667,2011,215,12.376098630137,12.8649863013699,42.89,-22.94,61.326,1019.69,226.518,1157.45120547945,2792.70612903226,290.848064516129
48.053489,-122.727261,2011,216,10.0040739726027,8.49349589041096,33.17,-9.94,38.866,695.768,144.228,862.695747945205,1249.16967741935,598.108064516129
40.2834,-74.70169,2011,217,12.4034054794521,11.2726849315068,39.67,-17.12,51.228,1316.362,273.032,1160.11648219178,2366.33322580645,364.653214285714
42.3736,-71.1097,2011,218,10.4670684931507,10.3950356164384,38.33,-20.51,53.724,1351.964,251.68,1056.29019726027,2142.37193548387,295.973548387097
41.7658,-72.6734,2011,219,10.9070602739726,11.1808712328767,38.64,-20.33,54.118,1334.822,249.752,1067.50769863014,2165.42580645161,283.740967741935
46.872380952381,-96.8438095238095,2012,220,5.86390136986301,11.4030246575342,35,-35.28,66.088,634.59,135.2,804.038882191781,1995.64967741935,115.428387096774
46.9,-97.2,2012,221,5.72389863013699,11.6509534246575,36.12,-36,66.496,621.778,128.802,776.836493150685,1947.48548387097,118.146774193548
47.15,-97.13,2012,222,5.50695342465753,11.5343342465753,35.45,-35.69,66.334,588.698,122.09,752.829939726027,1939.26580645161,115.094193548387
36.72135,-76.6051,2012,223,15.7301780821918,12.2213315068493,38.88,-12.59,48.054,1412.79,281.894,1379.97288219178,2605.1735483871,456.32
36.8653333333333,-76.47975,2012,224,16.0267205479452,11.2196,39.68,-11.44,46.826,1397.568,300.618,1450.60191232877,2728.52612903226,481.520322580645
39.694275,-86.1186375,2012,225,11.7247945205479,10.9946849315068,40.08,-24.64,54.604,1212.754,235.948,1135.83785205479,2490.83903225806,300.632580645161
39.79715,-86.29955,2012,226,11.5895150684932,10.9629643835616,39.66,-25.28,54.826,1228.318,234.862,1120.00979178082,2456.22580645161,297.513548387097
39.86405,-86.079275,2012,227,11.6209068493151,11.0524767123288,39.78,-25.04,55.03,1277.704,240.376,1130.31087123288,2475.45193548387,295.607741935484
39.1,-96.816667,2012,228,12.5966821917808,13.3323342465753,42.89,-22.94,60.926,915.596,186.062,1127.96032328767,2792.70612903226,290.848064516129
47.068719,-122.56691,2012,229,10.3829424657534,9.34813150684931,37.66,-11.28,42.604,1215.792,217.908,903.04378630137,1383.68129032258,561.821612903226
47.6320055,-122.617044916667,2012,230,10.2938493150685,8.79986301369863,37.9,-9.37,40.424,1244.84,276.24,911.31304109589,1374.09838709677,589.116129032258
46.761111,-120.191389,2012,231,8.52358904109589,11.6311890410959,36.47,-19.97,50.644,337.772,75.362,555.472306849315,1066.46,246.567666666667
48.053489,-122.727261,2012,232,9.94645205479452,8.55265205479452,33.17,-9.94,37.732,747.922,139.906,877.574515068493,1328.72774193548,598.108064516129
40.2834,-74.70169,2012,233,12.6334383561644,11.2566301369863,39.67,-17.12,51.3,1279.322,241.7,1172.38275616438,2366.33322580645,367.562903225806
46.8691666666667,-96.8425,2013,234,5.83702191780822,11.3197095890411,35,-35.28,65.472,641.66,135.966,815.535468493151,1995.64967741935,115.428387096774
47.062,-97.246,2013,235,5.41598356164384,11.5790136986301,35.72,-36.05,65.858,624.784,135.184,778.041808219178,1919.42387096774,115.403548387097
47.15,-96.97,2013,236,5.58085479452055,11.3773808219178,35.24,-35.4,65.584,614.88,126.53,795.73501369863,1961.80806451613,114.102580645161
36.8592941176471,-76.4853529411765,2013,237,15.8917342465753,11.1585917808219,39.63,-11.47,46.142,1422.706,294.652,1445.13123835616,2722.50483870968,480.476129032258
36.7392272727273,-76.5963181818182,2013,238,15.6215369863014,12.031797260274,38.99,-12.51,47.204,1413.018,281.068,1382.69039452055,2612.0435483871,458.380967741935
39.8598428571429,-86.0698,2013,239,11.6064109589041,10.8630794520548,39.71,-25.16,54.888,1232.91,228.59,1137.05237260274,2459.72483870968,294.687096774194
39.6942875,-86.118725,2013,240,11.8004082191781,10.7972767123288,40.08,-24.64,54.62,1159.086,212.908,1150.7285260274,2490.83903225806,300.632580645161
39.794275,-86.300425,2013,241,11.6299890410959,10.778301369863,39.66,-25.28,54.828,1191.874,230.23,1131.56823013699,2456.22580645161,297.513548387097
40.7861709677419,-111.944290322581,2013,242,11.8327205479452,11.9920712328767,39.16,-19.27,53.35,437.126,85.602,812.801802739726,2135.22258064516,316.532903225806
46.867,-96.8236666666667,2014,243,5.84567123287671,11.4399452054795,34.94,-35.23,64.918,633.24,145.256,821.670060273973,1999.69677419355,113.488928571429
47.062,-97.246,2014,244,5.44195890410959,11.7111178082192,35.72,-36.05,65.34,605.932,137.816,783.933561643836,1919.42387096774,117.126785714286
47.15,-96.97,2014,245,5.56359178082192,11.5228,35.24,-35.4,65.238,641.938,146.274,803.725452054795,1961.80806451613,115.582142857143
36.85,-76.4946666666667,2014,246,15.7379150684931,11.4005095890411,39.62,-14.73,47.052,1387.064,290.07,1423.6300109589,2712.45451612903,478.131290322581
36.7343636363636,-76.5790454545455,2014,247,15.5044273972603,12.1686246575342,38.97,-14.28,47.588,1375.626,264.624,1369.43650958904,2622.26774193548,460.790967741936
36.668,-76.7946666666667,2014,248,15.1224383561644,12.6426410958904,38.86,-15.52,48.414,1387.568,276.6,1316.65929315069,2542.12806451613,442.823548387097
39.80254,-86.06125,2014,249,11.4689890410959,10.847304109589,39.62,-25.09,54.746,1202.006,213.916,1134.19727671233,2461.16129032258,275.425806451613
39.7419875,-86.249,2014,250,11.6197260273973,10.8165479452055,40,-25.12,54.672,1136.314,219.458,1142.02630684932,2485.06451612903,281.35935483871
40.7873,-111.945166666667,2014,251,12.1567479452055,12.0042794520548,39.16,-19.27,53.498,424.844,83.168,812.754306849315,2135.22258064516,316.532903225806
41.5628571428571,-83.7914285714286,2014,252,10.2829397260274,10.7545808219178,38.24,-25.79,56.202,959.498,158.638,1047.87566027397,2323.07516129032,249.097419354839
41.6616666666667,-83.6316666666667,2014,253,10.3157561643836,10.7263945205479,38.47,-25.76,56.118,957.048,153.214,1053.17257534247,2342.38612903226,251.218064516129
41.665,-83.435,2014,254,10.4730931506849,10.5179890410959,38.08,-25.48,55.6,950.282,151.406,1072.12149041096,2361.7864516129,256.267419354839
46.8654838709677,-96.8267741935484,2015,255,5.99096164383562,11.7111068493151,34.94,-31.98,64.014,593.176,154.86,811.221523287671,1998.00806451613,113.632142857143
47.062,-97.246,2015,256,5.60170684931507,11.9971232876712,35.72,-32.34,64.474,601.98,146.398,776.115205479452,1919.42387096774,117.126785714286
47.15,-96.97,2015,257,5.68613424657534,11.8081917808219,35.24,-32.71,64.464,642.88,158.424,794.683950684932,1961.80806451613,115.582142857143
36.83625,-76.51665,2015,258,15.8016821917808,11.4569424657534,38.6,-14.89,47.662,1421.934,271.638,1421.46873424658,2696.61741935484,435.888214285714
36.639,-76.8285,2015,259,15.2488054794521,12.4650849315068,38.57,-15.7,48.644,1392.778,249.978,1330.31454246575,2548.98870967742,409.0325
36.7172857142857,-76.5782857142857,2015,260,15.5828,12.1667835616438,38.65,-15.25,48.014,1392.634,240.316,1370.39604383562,2610.22387096774,422.935
39.8859666666667,-82.8267333333333,2015,261,11.7182493150685,11.2859780821918,38.17,-25.43,54.424,1179.612,177.736,1126.53699178082,2365.43161290323,254.779285714286
40.1015714285714,-83.0378714285714,2015,262,11.6515095890411,10.9554684931507,37.6,-25.42,54.55,1170.504,174.226,1140.27033972603,2395.25483870968,255.669285714286
39.95835,-83.14865,2015,263,11.2574164383562,11.0479616438356,37.12,-25.35,53.992,1110.994,179.638,1100.18043287671,2341.06032258065,245.071071428571
42.0366666666667,-93.64,2015,264,9.2042301369863,11.9381479452055,38.63,-27.87,60.92,954.718,212.138,975.819868493151,2378.45,193.994285714286
39.7419875,-86.249,2015,265,11.643298630137,10.7123287671233,40,-25.12,54.962,1197.274,229.258,1142.11826849315,2485.06451612903,263.827857142857
39.8133333333333,-86.0625833333333,2015,266,11.4498109589041,10.778997260274,39.6,-25.16,55.118,1263.602,217.536,1128.78580821918,2455.05838709677,255.770357142857
40.7875965517241,-111.942275862069,2015,267,12.5021369863014,12.1598465753425,39.55,-19.36,53.934,442.128,94.118,870.945304109589,2163.57258064516,316.057741935484
41.53,-83.812,2015,268,10.2224575342466,10.7046630136986,38.44,-25.74,57.09,981.37,158.606,1044.81348493151,2330.49129032258,196.682857142857
41.6566666666667,-83.6711111111111,2015,269,10.1535260273973,10.741802739726,38.42,-25.79,57.252,983.744,168.198,1040.68273424658,2329.47451612903,193.532857142857
41.665,-83.435,2015,270,10.3442465753425,10.5120657534247,38.08,-25.48,56.686,978.5,167.674,1061.89844383562,2361.7864516129,197.141428571429
46.8654838709677,-96.8267741935484,2016,271,6.30310410958904,11.7177917808219,34.94,-31.93,63.6,603.168,152.364,809.289101369863,1914.91806451613,113.632142857143
47.062,-97.246,2016,272,5.93651780821918,12.0064931506849,35.72,-32.21,64.138,636.152,152.346,777.861063013699,1795.89516129032,117.126785714286
47.15,-96.97,2016,273,5.98651780821918,11.7951835616438,35.24,-32.71,64.116,686.006,171.876,795.308953424658,1819.08387096774,115.582142857143
36.77940625,-76.54496875,2016,274,15.698704109589,11.6936493150685,37.69,-15.06,47.292,1489.104,260.338,1404.364,2657.10483870968,429.959285714286
36.65875,-76.68875,2016,275,15.3634438356164,12.3532438356164,37.92,-15.58,47.682,1447.116,237.736,1346.50058082192,2551.35193548387,415.5575
41.6,-93.5766666666667,2016,276,10.5307424657534,11.6040383561644,40.33,-26.92,60.772,966.48,221.966,1059.5276109589,2353.73967741935,214.997096774194
41.53,-90.68,2016,277,10.1369616438356,11.092695890411,37.51,-28.57,58.93,1065.784,243.194,1057.46269589041,2426.32387096774,196.900357142857
42.0333333333333,-93.6266666666667,2016,278,9.44442465753425,11.8367616438356,38.54,-27.88,61.18,1021.32,236.072,991.409331506849,2167.35032258065,193.566428571429
39.86405,-86.079275,2016,279,11.6470410958904,10.8487452054795,39.78,-25.04,54.034,1218.928,212.034,1145.62882739726,2331.97290322581,256.0125
39.6908625,-86.10855,2016,280,11.8682684931507,10.7871780821918,40.08,-24.48,53.728,1198.84,209.962,1162.51835616438,2339.78387096774,265.667857142857
39.796125,-86.294725,2016,281,11.6548739726027,10.781901369863,39.68,-25.61,54.212,1186.718,220.498,1140.94978082192,2343.52774193548,259.831071428571
40.8182666666667,-112.013925925926,2016,282,12.8309616438356,11.9298794520548,39.64,-18.79,54.614,446.012,85.56,877.898487671233,2008.09612903226,318.881612903226
40.7487615384615,-111.869307692308,2016,283,12.7187589041096,12.8260547945205,39.37,-20.32,54.586,440.46,83.508,835.885671232877,1848.37935483871,310.692903225806
41.6666666666667,-83.66,2016,284,10.3232,10.8522849315068,38.04,-25.8,55.89,893.846,155.772,1043.51081643836,2151.40451612903,193.575714285714
41.665,-83.435,2016,285,10.5036301369863,10.6321260273973,38.08,-25.48,55.314,893.168,153.846,1062.96314520548,2161.78,197.141428571429
41.53,-83.7842857142857,2016,286,10.4650328767123,10.7898136986301,38.42,-25.66,55.722,896.516,149.586,1053.51539726027,2107.65451612903,198.142142857143
43.6240755102041,-116.226428571429,2017,287,11.8448273972603,13.5954410958904,41.45,-22.72,58.62,355.27,73.78,629.555315068493,1221.45066666667,295.667419354839
43.6682194444444,-116.405791666667,2017,288,11.7599397260274,13.6999452054795,41.48,-23.29,58.74,338.356,74.668,610.397720547945,1228.18066666667,284.008064516129
43.5117045454545,-116.392,2017,289,11.9047780821918,13.4445150684931,41.29,-23.25,58.096,295.37,64.092,594.769978082192,1121.28333333333,291.297741935484
46.8692592592593,-96.8266666666667,2017,290,5.9739698630137,11.6274246575342,34.13,-32.23,64.39,601.33,154.796,782.121079452055,1842.89096774194,113.805357142857
47.062,-97.246,2017,291,5.63279452054794,11.8961863013699,34.81,-32.3,64.868,659.314,164.75,769.680887671233,1795.89516129032,117.126785714286
47.15,-96.97,2017,292,5.66450410958904,11.7102794520548,34.49,-32.71,64.808,700.598,185.292,781.612306849315,1819.08387096774,115.582142857143
36.7264205882353,-76.5951764705882,2017,293,15.5406136986301,11.9934794520548,35.9,-15.35,48.03,1434.198,231.222,1380.33574794521,2539.67129032258,422.768928571429
36.8490555555556,-76.4921111111111,2017,294,15.7980849315068,11.1885753424658,36.34,-14.78,47.704,1445.644,253.628,1441.0770630137,2643.3364516129,438.276785714286
42.0233333333333,-93.6366666666667,2017,295,9.27014794520548,11.568997260274,37.22,-27.81,61.518,1055.11,244.794,990.65055890411,2062.65096774194,194.426785714286
41.6157142857143,-93.6085714285714,2017,296,10.2317835616438,11.3762575342466,38.69,-27.16,61.646,1012.86,222.042,1053.47856438356,2235.00838709677,213.508387096774
42.43,-96.35,2017,297,9.14019178082192,12.5987506849315,38.43,-29.9,62.168,933.974,229.74,939.341660273973,2092.70193548387,190.655806451613
41.24,-95.86,2017,298,10.8699863013699,12.1385150684932,37.63,-24.9,59.866,973.046,199.192,1065.0033369863,2311.74032258065,235.38
43.09,-95.63,2017,299,8.20763835616438,11.6337753424658,37.36,-31.35,62.4,926.986,237.95,928.644893150685,1989.33935483871,174.189642857143
39.86405,-86.079275,2017,300,11.5190383561644,10.6838739726027,35.28,-25.04,53.772,1285.402,229.866,1149.79652054795,2331.97290322581,256.0125
39.700225,-86.0965375,2017,301,11.7094438356164,10.6667561643836,35.44,-24.53,53.712,1276.278,218.8,1164.56105753425,2337.51516129032,264.964285714286
39.796125,-86.294725,2017,302,11.5528383561644,10.6277917808219,35.43,-25.61,54.114,1218.194,221.286,1156.69161643836,2343.52774193548,259.831071428571
40.7457888888889,-111.875733333333,2017,303,12.7252520547945,12.766295890411,39.56,-20.05,56.372,454.36,87.1,860.285797260274,1867.86419354839,311.007419354839
40.8142214285714,-112.019392857143,2017,304,12.7039945205479,12.001895890411,40.15,-19.34,56.732,450.122,93.388,879.747073972603,2008.09612903226,318.881612903226
41.5633333333333,-83.7855555555556,2017,305,10.1857917808219,10.7259397260274,35.8,-25.79,56.308,956.02,155.216,1044.3875890411,2053.80741935484,195.086071428571
41.66625,-83.6475,2017,306,10.1788547945205,10.6965589041096,35.65,-25.81,56.304,932.378,154.364,1044.44433972603,2052.32806451613,193.597142857143
41.668,-83.45,2017,307,10.3355890410959,10.4968657534247,35.73,-25.54,55.776,926.708,152.256,1061.38449863014,2094.89612903226,196.751071428571
43.5354727272727,-116.381484848485,2018,308,12.0232328767123,13.3686136986301,42.5,-23.21,56.976,301.246,63.01,607.687084931507,1135.73733333333,316.604838709677
43.6628629213483,-116.363898876404,2018,309,11.9441232876712,13.6080602739726,42.46,-23.14,57.506,345.91,73.8,625.36375890411,1233.252,313.019677419355
43.59538125,-116.1763125,2018,310,12.0122493150685,13.5437315068493,42.91,-22.68,57.532,396.214,85.064,666.595145205479,1223.44166666667,323.382258064516
36.7279139534884,-76.5846511627907,2018,311,15.756002739726,11.8649917808219,35.9,-17.54,49.742,1450.57,243.296,1410.75968767123,2596.013,423.433214285714
36.8590588235294,-76.4928823529412,2018,312,15.9530931506849,11.0841808219178,36.36,-16.3,49.53,1472.266,269.458,1466.95934794521,2649.41032258065,439.187857142857
40.1484,-83.1422,2018,313,11.5329698630137,10.8807232876712,34.04,-25.73,54.626,1184.038,182.6,1142.93793972603,2303.04096774194,246.616785714286
39.8453,-83.0606,2018,314,11.9030630136986,11.0868054794521,34.25,-24.73,54.466,1150.166,185.646,1158.50864657534,2316.15774193548,253.556428571429
39.86405,-86.079275,2018,315,11.6717945205479,10.6869643835616,34.87,-25.04,55.322,1317.79,228.342,1167.75787945205,2331.97290322581,256.0125
39.700225,-86.0965375,2018,316,11.8572712328767,10.6911123287671,34.63,-24.53,55.116,1309.66,224.4,1180.14139178082,2337.51516129032,264.964285714286
39.796125,-86.294725,2018,317,11.7253123287671,10.6390301369863,34.79,-25.61,55.514,1202.328,203.404,1174.98669041096,2343.52774193548,259.831071428571
38.9867875,-76.8765625,2018,318,13.9544794520548,10.1188109589041,36.89,-16.63,49.602,1300.496,243.062,1350.61540273973,2583.62258064516,345.017142857143
38.7351,-76.9493,2018,319,13.6308219178082,10.507397260274,36.22,-17.2,49.416,1238.722,206.52,1305.69031232877,2495.91774193548,335.901071428571
39.5039,-87.6848333333333,2019,320,12.4226136986301,11.3349808219178,35.01,-24.24,56.534,1228.78,205.474,1200.21218630137,2308.13451612903,267.9425
40.1936,-87.7292666666667,2019,321,11.6296246575342,11.1288164383562,35.58,-27.18,57.788,1187.718,195.714,1151.39784109589,2213.49774193548,252.121428571429
38.4033,-87.7644,2019,322,13.8749780821918,11.4489917808219,35.5,-20.92,53.372,1346.24,225.234,1300.46220821918,2506.44,314.595
38.36895,-88.2010833333333,2019,323,13.8158712328767,11.5783178082192,35.61,-20.25,53.444,1408.184,238.468,1288.59879452055,2496.47483870968,318.652142857143
38.8733166666667,-87.7074666666667,2019,324,13.2214602739726,11.394,35.42,-23.64,55.214,1363.516,206.768,1255.79707945205,2415.49225806452,286.938928571429
41.8287375,-87.8571125,2020,325,10.930504109589,9.6342904109589,35.52,-29.9,57.852,1172.828,220.742,1153.42698082192,2401.20516129032,356.676774193548
38.9470626666667,-76.8515346666667,2020,326,14.4122356164384,9.96853698630137,36.81,-15.32,48.006,1337.664,214.078,1384.53711780822,2704.25129032258,462.799032258065
38.56755,-76.68435,2020,327,14.8675095890411,9.86562739726027,36.95,-15.49,47.134,1448.55,273.606,1428.88969315068,2769.81677419355,473.201935483871
38.7899107692308,-76.8965107692308,2020,328,14.0265342465753,10.1610575342466,36.23,-16.09,47.768,1316.348,216.444,1341.10819726027,2617.15387096774,448.974516129032
39.0774369565217,-76.8297782608696,2020,329,14.3462493150685,9.91024109589041,36.84,-15.25,48.322,1319.688,217.89,1382.51109041096,2697.92870967742,456.538064516129
38.7134,-76.0144,2020,330,15.0402931506849,9.77501917808219,37.02,-15.72,47.804,1368.456,250.282,1447.94514520548,2787.40709677419,502.854193548387
39.0155,-77.00942,2020,331,13.9106547945205,10.1620438356164,36.67,-15.92,48.436,1324.228,224.192,1330.24203835616,2601.34161290323,441.32064516129
38.9364,-76.4723,2020,332,14.9110082191781,9.23267945205479,37.54,-14.65,47.398,1301.834,229.96,1462.28059726027,2831.73258064516,490.425161290323
39.1338,-77.24135,2020,333,13.4393068493151,10.5320931506849,36.96,-16.85,49.258,1307.084,214.566,1274.75196712329,2482.53838709677,411.720967741935
46.7988,-105.324,2020,334,7.95375890410959,14.2937095890411,40.75,-36.3,71.788,355.292,89.506,640.082920547945,1657.33612903226,107.086785714286
45.67892,-108.785,2020,335,8.18938082191781,14.7044712328767,39.41,-31.93,66.098,413.794,91.626,646.626038356164,1423.0064516129,146.825357142857
47.4707107142857,-114.149821428571,2020,336,7.92363835616438,12.9151123287671,38.86,-25.63,59.89,598.314,98.944,673.985326027397,1215.34258064516,248.290357142857
48.1545,-106.596,2020,337,7.10766301369863,13.3331780821918,40.68,-36.15,70.974,345.752,85.872,603.070257534247,1626.66838709677,98.0242857142857
45.9918,-112.528,2020,338,5.31604657534247,14.3353150684932,33.99,-31.11,60.184,346.916,77.272,490.027769863014,1054.64225806452,170.64
45.79944,-108.4704,2020,339,8.52458904109589,14.4087068493151,39.14,-32.15,66.764,422.054,99.534,681.444482191781,1529.27741935484,149.092857142857
46.6602454545455,-111.934090909091,2020,340,7.45652602739726,14.2921753424658,37.38,-32.3,63.928,289.518,66.832,528.178915068493,1069.24741935484,151.85
46.0239,-114.169,2020,341,7.83641095890411,13.5647342465753,37.66,-24.89,57.24,584.978,109.872,641.865994520548,1222.85419354839,276.239032258065
46.3307666666667,-111.568666666667,2020,342,7.20698356164384,13.5102520547945,36.13,-32.14,62.318,358.328,86.88,593.766010958904,1251.46161290323,182.903928571429
48.2362703703704,-114.287037037037,2020,343,6.9242,13.167895890411,38.76,-28.66,61.108,458.126,85.69,591.87301369863,1095.63806451613,199.705
45.66975,-107.5365,2020,344,8.68547123287671,15.0611123287671,39.73,-33.52,66.768,445.866,92.794,662.654706849315,1552.98580645161,146.865
46.5592666666667,-114.089666666667,2020,345,8.11126301369863,14.0515561643836,37.55,-26.7,59.256,381.608,78.2,585.534871232877,1040.82419354839,245.518709677419
48.2494,-104.344,2020,346,5.83871232876712,13.6615342465753,40.1,-39.56,72.05,359.408,97.914,560.460323287671,1570.86064516129,80.6939285714286
48.1493,-107.872,2020,347,6.75494520547945,13.8607397260274,40.67,-35.71,70.556,318.482,83.494,539.377150684932,1568.61548387097,90.4367857142857
46.9108,-113.012,2020,348,6.23094246575342,14.234202739726,36.96,-30.28,62.126,573.88,106.724,560.229983561644,1014.95258064516,178.143928571429
47.7491666666667,-113.816333333333,2020,349,7.11914246575342,12.5018684931507,37.61,-26.74,57.912,645.626,115.926,634.446131506849,1119.66064516129,228.798571428571
48.1302,-105.418,2020,350,6.61183835616438,14.1532438356164,41.3,-39.44,73.158,349.004,100.312,571.189917808219,1604.82741935484,82.4196428571429
48.4909,-108.684,2020,351,6.4761095890411,14.0763178082192,40.66,-36.21,70.794,346.376,88.044,548.890493150685,1520.7235483871,88.8178571428571
48.09132,-114.1878,2020,352,7.37515068493151,12.4252273972603,38.53,-26.23,59.102,461.696,86.564,630.103090410959,1208.96548387097,218.340357142857
47.0713,-112.522,2020,353,4.78863561643836,11.9756602739726,33.64,-33.02,59.156,663.892,121.582,589.732805479452,1126.63741935484,144.628571428571
46.8222285714286,-114.078428571429,2020,354,7.91753698630137,13.700904109589,39.29,-26.52,60.274,426.084,73.8,617.789665753425,1053.75193548387,242.096451612903
46.1751,-112.945,2020,355,5.16194794520548,14.1585698630137,33.4,-30.11,58.794,477.19,94.9,527.67384109589,1050.48612903226,194.878214285714
48.561,-109.713,2020,356,6.20596712328767,14.3427945205479,39.86,-36.21,72.048,311.078,71.92,509.355183561644,1398.67903225806,90.6046428571428
48.2449,-111.966,2020,357,6.18704931506849,13.9388438356164,37.01,-34.49,66.122,337.096,71.324,552.252449315068,1101.80741935484,110.7525
48.3676,-109.214,2020,358,5.96976712328767,13.7303397260274,39.04,-35.78,69.57,403.512,95.464,550.422712328767,1403.69870967742,93.0578571428571
45.9605,-108.188,2020,359,8.43830410958904,14.865704109589,39.19,-34.08,68.112,395.232,92.248,662.116032876712,1478.21612903226,138.556428571429
47.6679,-112.031,2020,360,6.63464657534247,13.698695890411,36.16,-35.6,64.994,347.31,76.61,571.33717260274,1099.59129032258,127.114285714286
48.8498,-114.989,2020,361,7.30567945205479,13.4515123287671,40.87,-30.87,63.762,634.026,114.046,613.270926027397,1105.01161290323,197.445714285714
46.2985,-109.305,2020,362,7.44964657534247,15.3222630136986,37.42,-34.84,66.756,434.38,100.444,607.601238356164,1347.87838709677,129.730357142857
48.4024,-107.6945,2020,363,6.42142739726027,14.1188547945205,40.44,-36.89,71.42,291.812,79.926,501.78781369863,1571.23419354839,81.5132142857143
46.2226,-112.118,2020,364,6.08878904109589,14.2043068493151,34.98,-32,61.234,379.304,77.834,534.668871232877,1104.16548387097,176.096071428571
47.6887,-107.785,2020,365,7.76218356164384,13.6180767123288,41.47,-32.96,69.514,352.594,90.922,622.985408219178,1575.06032258065,111.518571428571
45.4367,-108.528,2020,366,7.6762,13.5712383561644,37.4,-29.96,62.442,432.112,98.832,656.01042739726,1537.85870967742,144.597142857143
46.701,-113.431,2020,367,6.94926575342466,14.3232,37.5,-27.63,60.872,496.9,96.89,580.202843835616,1067.55,208.844285714286
46.62525,-113.039,2020,368,6.30338082191781,14.6603068493151,35.75,-29.73,60.476,480.416,103.742,538.338109589041,1011.33322580645,186.625
45.3271,-107.363,2020,369,8.5776,14.7658520547945,39.49,-31.13,64.762,456.436,98.11,657.67642739726,1546.8664516129,152.12
46.3807,-105.892,2020,370,8.18393150684932,14.6720602739726,40.81,-35.03,71.298,361.168,91.53,651.053978082192,1638.88096774194,102.942857142857
47.9368,-107.0995,2020,371,6.95158082191781,13.0667561643836,40.45,-33.93,69.676,380.582,100.208,605.835336986301,1593.56225806452,97.5421428571429
40.7398571428571,-111.859571428571,2020,372,12.7125095890411,12.5088876712329,39.8,-18.55,52.622,464.25,91.02,803.920684931507,1968.54,336.835806451613
40.7972390243902,-112.005902439024,2020,373,12.8381863013699,11.7901698630137,40.09,-19.28,53.322,413.382,85.808,807.902871232877,1976.31096774194,381.979677419355
41.6604833333333,-83.6870166666667,2020,374,10.9037561643836,10.5241808219178,35.45,-24.11,54.954,947.68,129.668,1091.9386630137,2218.01,365.927096774194
41.6643538461538,-83.4539923076923,2020,375,11.0119890410959,10.2315068493151,35.1,-23.38,54.192,868.154,116.81,1106.18952328767,2249.47290322581,372.472903225806
41.5168923076923,-83.7797461538461,2020,376,11.045,10.4917095890411,35.65,-23.74,55.002,1012.538,138.18,1104.69604931507,2256.62419354839,368.892903225806
43.6260990228013,-116.221465798046,2020,377,11.6467808219178,13.4791506849315,42.87,-22.67,54.804,379.952,83.938,689.299369863014,1572.2235483871,322.301290322581
43.5348021186441,-116.372805084746,2020,378,11.6452246575342,13.3612547945205,42.49,-23.16,54.15,316.542,69.416,651.358701369863,1352.31322580645,317.130967741935
43.6750325047801,-116.401036328872,2020,379,11.618602739726,13.6641095890411,42.42,-23.31,54.51,345.544,79.206,652.116175342466,1392.10483870968,310.242258064516
39.7612833333333,-86.1001833333333,2020,380,12.1907260273973,10.6255945205479,34.76,-24.62,53.976,1311.298,214.828,1193.61348493151,2344.16419354839,361.068387096774
39.796125,-86.294725,2020,381,12.1323726027397,10.5500931506849,34.79,-24.63,54.282,1204.434,168.892,1193.86953424658,2343.52774193548,358.80935483871
43.6240243243243,-116.234459459459,2021,382,11.7236904109589,13.4904821917808,42.84,-22.72,54.234,396.458,81.328,702.576739726027,1548.59258064516,321.65064516129
43.51244,-116.3908,2021,383,11.8066219178082,13.4998410958904,42.62,-23.25,53.64,316.014,64.378,654.118920547945,1297.28129032258,317.613870967742
43.666343902439,-116.409292682927,2021,384,11.6931506849315,13.6531616438356,42.37,-23.33,53.616,358.954,76.318,660.040224657534,1393.63967741935,310.059677419355
41.83605,-87.8480111111111,2021,385,10.9322794520548,9.60864657534247,35.51,-29.87,58.038,1137.182,225.434,1148.10161643836,2406.34096774194,290.065
39.8014,-86.2894,2021,386,12.0720684931507,10.5880383561644,34.79,-24.65,54.784,1188.096,173.8,1185.59476164384,2289.81161290323,355.757857142857
39.7022857142857,-86.0881428571429,2021,387,12.1126054794521,10.6866684931507,34.61,-24.48,54.212,1340.802,201.418,1182.44352876712,2279.53451612903,360.475714285714
39.8581111111111,-86.0848888888889,2021,388,12.0121589041096,10.6751780821918,34.87,-24.76,54.752,1272.684,208.316,1176.7873260274,2280.65032258065,354.214285714286
41.41695,-83.37145,2021,389,11.2213123287671,10.0677753424658,35.17,-22.66,53.658,1081.13,166.38,1134.82421369863,2283.70387096774,317.630357142857
41.6605571428571,-83.6193571428571,2021,390,11.0150383561644,10.3639397260274,35.37,-23.79,54.986,960.138,133.04,1105.75970410959,2239.16903225806,311.5025
41.5680909090909,-83.7864636363636,2021,391,10.9474246575342,10.5391671232877,35.67,-24.08,55.374,1046.842,148.53,1098.18004383562,2228.87258064516,300.462142857143
41.687525,-83.45465,2021,392,11.034797260274,10.1299561643836,35.17,-23.38,54.464,897.142,126.632,1113.00141369863,2249.45258064516,316.039285714286
38.7725020408163,-76.9789102040816,2021,393,14.1818602739726,10.1950301369863,36.35,-16.02,46.408,1322.114,221.166,1348.71900821918,2629.95096774194,450.955483870968
38.9772602649007,-76.8756732891832,2021,394,14.5971178082192,9.97487123287671,36.98,-15.11,46.548,1348.964,230.69,1396.55872876712,2726.84774193548,473.294193548387
38.9220738255034,-76.7528932885906,2021,395,14.4949397260274,9.8062301369863,36.81,-15.27,46.296,1357.12,225.876,1394.41517808219,2718.43677419355,470.392258064516
38.0786,-76.7712,2021,396,15.2898191780822,10.5487342465753,36.89,-17.24,46.844,1391.646,250.658,1430.41509041096,2711.56193548387,482.672903225806
38.56982,-76.68536,2021,397,14.9076849315069,9.78827945205479,36.95,-15.49,45.67,1432.902,262.462,1431.59546849315,2769.81677419355,473.201935483871
38.7134,-76.0144,2021,398,15.0933808219178,9.74424109589041,37.02,-15.72,46.306,1358.026,241.186,1450.30147945205,2787.40709677419,502.854193548387
40.747503,-111.967566,2021,399,12.8968767123288,12.1078575342466,40.45,-18.72,52.182,393.022,84.75,794.596104109589,1995.49483870968,352.82
40.649387,-112.296753,2021,400,12.2970082191781,13.0191342465753,41.27,-21.16,54.776,337.476,67.722,693.526219178082,1456.71096774194,348.299032258065
41.420646,-112.055963,2021,401,10.8660520547945,13.6531123287671,38.85,-23.9,53.526,424.278,101.368,628.420071232877,1492.51032258065,303.035161290323
41.7119,-112.1655,2021,402,9.69404109589041,14.1006301369863,38.23,-27.84,55.426,392.952,94.606,570.744915068493,1227.5535483871,265.846451612903
40.1731,-111.46465,2021,403,8.88239178082192,12.7231835616438,34.45,-20.89,50.606,605.972,143.69,612.819528767123,1314.58322580645,279.631935483871
38.904465,-121.306331,2023,404,17.2565342465753,15.3638191780822,46.29,-3.5,45.778,556.952,203.96,814.203939726027,1373.50833333333,384.344838709677
46.193,-119.899,2023,405,11.6745205479452,13.0185534246575,44.31,-15.51,53.562,177.168,40.85,536.433978082192,845.990333333333,289.616
41.79696,-111.82005,2023,406,8.70253150684931,14.2442082191781,37.67,-27.75,56.932,460.9,95.988,599.620504109589,1288.16548387097,256.6325
39.057753,-77.130547,2023,407,13.8770575342466,10.6057315068493,36.13,-15.79,47.046,1196.622,201.924,1290.53436712329,2553.96322580645,444.624516129032
42.031763,-87.930871,2023,408,10.7213698630137,9.6771397260274,36.84,-30.25,58.56,1030.494,206.782,1110.67770410959,2372.86258064516,269.69
40.536582,-74.7103575,2023,409,12.4774767123288,11.6332767123288,37.37,-17.56,50.44,1345.912,214.93,1146.35323287671,2312.96580645161,375.64935483871
41.793615,-69.994266,2023,410,11.6179095890411,7.40647123287671,33.28,-20.66,45.916,1231.154,248.15,1216.27813150685,2578.87322580645,446.188709677419
39.166466,-121.598446,2023,411,17.5916575342466,15.2889260273973,45.81,-3.08,44.878,533.61,199.406,814.0328,1579.902,379.031290322581
40.8049837352985,-112.020437128358,2023,412,12.6626136986301,11.7612602739726,40.68,-14.55,52.324,434.738,80.89,809.821128767123,1930.16741935484,407.881290322581
40.7447321698113,-111.871367622642,2023,413,12.285402739726,12.8389479452055,40.17,-17.66,53.398,459.938,97.338,766.991852054795,1966.48032258065,336.120967741935
